Link Produk,Link Gambar,Nama Toko,Lokasi,Nama Produk,Harga,Rating,Review
https://www.jakmall.comhttps://www.jakmall.com/bajuju/gelang-tangan-braided-bahan-kulit-5-lapis-lz045?jtm=789c8b562a4e4d2c4ace50d2512a28ca4f294d2ed1cdc92c2e01728b2b8b755185f24a737274a2636301e4fd127e#6387280917448,https://static.jakmall.id/images/products/124dfd/thumbnail/gelang-braided-kulit-vintage.jpg,BAJUJU,DKI Jakarta,Gelang Tangan Braided bahan Kulit 5 Lapis - LZ045,Rp 5.200,4.5,47
https://www.jakmall.comhttps://www.jakmall.com/bajuju/gelang-tangan-braided-bahan-kulit-3-lapis-pw740?jtm=789c8b562a4e4d2c4ace50d2512a28ca4f294d2ed1cdc92c2e01728b2b8b755185f24a737274a2636301e4fd127e#2959955348502,https://static.jakmall.id/images/products/2a4aa2/thumbnail/gelang-braided-kulit-dengan-pengunci-magnetic.JPG,BAJUJU,DKI Jakarta,Gelang Tangan Braided Bahan Kulit 3 Lapis - PW740,Rp 4.500,4.5,30
https://www.jakmall.comhttps://www.jakmall.com/tmcsportgear/aolikes-pelindung-pergelangan-tangan-adjustable-wrist-support-bandage-ao184?jtm=789c8b562a4e4d2c4ace50d2512a28ca4f294d2ed1cdc92c2e01728b2b8b755185f24a737274a2636301e4fd127e#9822841260613,https://static.jakmall.id/2024/08/images/products/160ee5/thumbnail/aolikes-pelindung-pergelangan-tangan-adjustable-wrist-support-bandage-ao184.png,TMCSportGear,DKI Jakarta,AOLIKES Pelindung Pergelangan Tangan Adjustable Wrist Support Bandage - AO184,Rp 5.900,5,1
https://www.jakmall.comhttps://www.jakmall.com/kobucca-shop/jam-tangan-gelang-tali-arloji-analog-vintage-etnik-warna-aksesoris-uni?jtm=789c8b562a4e4d2c4ace50d2512a28ca4f294d2ed1cdc92c2e01728b2b8b755185f24a737274a2636301e4fd127e#8744759877843,https://static.jakmall.id/2020/07/images/products/6dda58/thumbnail/jam-tangan-gelang-tali-arloji-analog-vintage-etnik-warna-aksesoris-uni.jpg,Kobucca Shop,Surabaya,Jam Tangan Gelang Tali Arloji Analog Vintage Etnik Warna Aksesoris Uni,Rp 19.200,0,0
https://www.jakmall.comhttps://www.jakmall.com/toko-aksesoris-online/tao-gelang-tangan-anak-karet-motif-sanrio?jtm=789c8b562a4e4d2c4ace50d2512a28ca4f294d2ed1cdc92c2e01728b2b8b755185f24a737274a2636301e4fd127e#3655457671124,https://static.jakmall.id/2024/10/images/products/e01d9f/thumbnail/tao-gelang-tangan-anak-karet-motif-sanrio.jpg,Toko Aksesoris Online,DKI Jakarta,TAO Gelang Tangan Anak Karet motif SANRIO,Rp 4.500,0,0
https://www.jakmall.comhttps://www.jakmall.com/toko-aksesoris-online/lrc-gelang-tangan-pure-color-decorated-bracelet?jtm=789c8b562a4e4d2c4ace50d2512a28ca4f294d2ed1cdc92c2e01728b2b8b755185f24a737274a2636301e4fd127e#6256252938278,https://static.jakmall.id/2018/07/images/products/fd80fa/thumbnail/lrc-gelang-tangan-pure-color-decorated-bracelet.jpg,Toko Aksesoris Online,DKI Jakarta,LRC Gelang Tangan Pure Color Decorated Bracelet,Rp 13.200,1,1
https://www.jakmall.comhttps://www.jakmall.com/kobucca-shop/gelang-hand-sanitizer-jam-tangan-portable-watch-wristband-sanitizer?jtm=789c8b562a4e4d2c4ace50d2512a28ca4f294d2ed1cdc92c2e01728b2b8b755185f24a737274a2636301e4fd127e#7220713646387,https://static.jakmall.id/2020/10/images/products/7656fb/thumbnail/gelang-hand-sanitizer-jam-tangan-portable-watch-wristband-sanitizer.png,Kobucca Shop,Surabaya,Gelang Hand Sanitizer Jam Tangan Portable Watch Wristband Sanitizer,Rp 15.000,3,1
https://www.jakmall.comhttps://www.jakmall.com/warnamendut/pelindung-pergelangan-tangan-fitness-olahraga-hand-support-wmo-yuao184?jtm=789c8b562a4e4d2c4ace50d2512a28ca4f294d2ed1cdc92c2e01728b2b8b755185f24a737274a2636301e4fd127e#5726506543623,https://static.jakmall.id/2025/02/images/products/cd986b/thumbnail/pelindung-pergelangan-tangan-fitness-olahraga-hand-support-wmo-yuao184.jpg,WarnaMendut,Tangerang,Pelindung Pergelangan Tangan Fitness Olahraga Hand Support WMO YUAO184,Rp 9.900,0,0
https://www.jakmall.comhttps://www.jakmall.com/toko-aksesoris-online/lrc-gelang-tangan-vintage-black-decorated-multilayer-simple?jtm=789c8b562a4e4d2c4ace50d2512a28ca4f294d2ed1cdc92c2e01728b2b8b755185f24a737274a2636301e4fd127e#2299464859232,https://static.jakmall.id/2018/05/images/products/fc6f9d/thumbnail/lrc-gelang-tangan-vintage-black-decorated-multilayer-simple.jpg,Toko Aksesoris Online,DKI Jakarta,LRC Gelang Tangan Vintage Black Decorated Multilayer Simple,Rp 32.300,5,1
https://www.jakmall.comhttps://www.jakmall.com/toko-aksesoris-online/lrc-gelang-tangan-fashion-black-skull-decorated-pure-color-bracelet-6p?jtm=789c8b562a4e4d2c4ace50d2512a28ca4f294d2ed1cdc92c2e01728b2b8b755185f24a737274a2636301e4fd127e#5337716990435,https://static.jakmall.id/2018/04/images/products/2b53e3/thumbnail/lrc-gelang-tangan-fashion-black-skull-decorated-pure-color-bracelet-6p.jpg,Toko Aksesoris Online,DKI Jakarta,LRC Gelang Tangan Fashion Black Skull Decorated Pure Color Bracelet 6p,Rp 93.800,0,0
https://www.jakmall.comhttps://www.jakmall.com/toko-aksesoris-online/lrc-gelang-tangan-silvercolor-star-shape-pendant-decorated-pure-color?jtm=789c8b562a4e4d2c4ace50d2512a28ca4f294d2ed1cdc92c2e01728b2b8b755185f24a737274a2636301e4fd127e#9298659512883,https://static.jakmall.id/2018/09/images/products/67925b/thumbnail/lrc-gelang-tangan-silvercolor-star-shape-pendant-decorated-pure-color.jpg,Toko Aksesoris Online,DKI Jakarta,LRC Gelang Tangan Silvercolor Star Shape Pendant Decorated Pure Color,Rp 13.000,0,0
https://www.jakmall.comhttps://www.jakmall.com/toko-aksesoris-online/lrc-gelang-tangan-black-leaf-decorated-multi-layer-bracelet?jtm=789c8b562a4e4d2c4ace50d2512a28ca4f294d2ed1cdc92c2e01728b2b8b755185f24a737274a2636301e4fd127e#6253759996133,https://static.jakmall.id/2018/08/images/products/45763f/thumbnail/lrc-gelang-tangan-black-leaf-decorated-multi-layer-bracelet.jpg,Toko Aksesoris Online,DKI Jakarta,LRC Gelang Tangan Black Leaf Decorated Multi-layer Bracelet,Rp 70.500,0,0
https://www.jakmall.comhttps://www.jakmall.com/toko-aksesoris-online/lrc-gelang-tangan-blacksilver-color-dragon-pattern-decorated?jtm=789c8b562a4e4d2c4ace50d2512a28ca4f294d2ed1cdc92c2e01728b2b8b755185f24a737274a2636301e4fd127e#2400675176696,https://static.jakmall.id/2018/09/images/products/313579/thumbnail/lrc-gelang-tangan-blacksilver-color-dragon-pattern-decorated.jpg,Toko Aksesoris Online,DKI Jakarta,LRC Gelang Tangan Black+silver Color Dragon Pattern Decorated,Rp 44.100,5,1
https://www.jakmall.comhttps://www.jakmall.com/toko-aksesoris-online/lrc-gelang-tangan-black-metal-button-decorated-woven-design-simple?jtm=789c8b562a4e4d2c4ace50d2512a28ca4f294d2ed1cdc92c2e01728b2b8b755185f24a737274a2636301e4fd127e#3449727196706,https://static.jakmall.id/2018/07/images/products/9bb50e/thumbnail/lrc-gelang-tangan-black-metal-button-decorated-woven-design-simple.jpg,Toko Aksesoris Online,DKI Jakarta,LRC Gelang Tangan Black Metal Button Decorated Woven Design Simple,Rp 28.400,0,0
https://www.jakmall.comhttps://www.jakmall.com/toko-aksesoris-online/lrc-gelang-tangan-personality-multi-color-color-matching-decorated?jtm=789c8b562a4e4d2c4ace50d2512a28ca4f294d2ed1cdc92c2e01728b2b8b755185f24a737274a2636301e4fd127e#5831733362853,https://static.jakmall.id/2018/04/images/products/809c9d/thumbnail/lrc-gelang-tangan-personality-multi-color-color-matching-decorated.jpg,Toko Aksesoris Online,DKI Jakarta,LRC Gelang Tangan Personality Multi-color Color-matching Decorated,Rp 38.800,0,0
https://www.jakmall.comhttps://www.jakmall.com/toko-aksesoris-online/lrc-gelang-tangan-fashion-brown-color-matching-decorated-simple-brace-1?jtm=789c8b562a4e4d2c4ace50d2512a28ca4f294d2ed1cdc92c2e01728b2b8b755185f24a737274a2636301e4fd127e#1280548549919,https://static.jakmall.id/2018/06/images/products/82f3cf/thumbnail/lrc-gelang-tangan-fashion-brown-color-matching-decorated-simple-brace.jpg,Toko Aksesoris Online,DKI Jakarta,LRC Gelang Tangan Fashion Brown Color Matching Decorated Simple Brace,Rp 80.500,5,1
https://www.jakmall.comhttps://www.jakmall.com/toko-aksesoris-online/lrc-gelang-tangan-brown-pure-color-decorated-bracelet?jtm=789c8b562a4e4d2c4ace50d2512a28ca4f294d2ed1cdc92c2e01728b2b8b755185f24a737274a2636301e4fd127e#4800326618246,https://static.jakmall.id/2018/09/images/products/25a0af/thumbnail/lrc-gelang-tangan-brown-pure-color-decorated-bracelet.jpg,Toko Aksesoris Online,DKI Jakarta,LRC Gelang Tangan Brown Pure Color Decorated Bracelet,Rp 22.700,0,0
https://www.jakmall.comhttps://www.jakmall.com/toko-aksesoris-online/lrc-gelang-tangan-blackblue-pattern-decorated-noctilucent-bracelet?jtm=789c8b562a4e4d2c4ace50d2512a28ca4f294d2ed1cdc92c2e01728b2b8b755185f24a737274a2636301e4fd127e#8080292142567,https://static.jakmall.id/2018/08/images/products/aeecaf/thumbnail/lrc-gelang-tangan-blackblue-pattern-decorated-noctilucent-bracelet.jpg,Toko Aksesoris Online,DKI Jakarta,LRC Gelang Tangan Black+blue Pattern Decorated Noctilucent Bracelet,Rp 28.100,0,0
https://www.jakmall.comhttps://www.jakmall.com/toko-aksesoris-online/lrc-gelang-tangan-fashion-brown-shape-decorated-bracelet?jtm=789c8b562a4e4d2c4ace50d2512a28ca4f294d2ed1cdc92c2e01728b2b8b755185f24a737274a2636301e4fd127e#5935848142856,https://static.jakmall.id/2018/04/images/products/771d86/thumbnail/lrc-gelang-tangan-fashion-brown-shape-decorated-bracelet.jpg,Toko Aksesoris Online,DKI Jakarta,LRC Gelang Tangan Fashion Brown Shape Decorated Bracelet,Rp 27.100,0,0
https://www.jakmall.comhttps://www.jakmall.com/toko-aksesoris-online/lrc-gelang-tangan-vintage-coffee-coins-shape-pendant-decorated?jtm=789c8b562a4e4d2c4ace50d2512a28ca4f294d2ed1cdc92c2e01728b2b8b755185f24a737274a2636301e4fd127e#6286263489305,https://static.jakmall.id/2018/04/images/products/22d34b/thumbnail/lrc-gelang-tangan-vintage-coffee-coins-shape-pendant-decorated.jpg,Toko Aksesoris Online,DKI Jakarta,LRC Gelang Tangan Vintage Coffee Coins Shape Pendant Decorated,Rp 46.400,0,0
https://www.jakmall.comhttps://www.jakmall.com/toko-aksesoris-online/lrc-gelang-tangan-blacksilver-color-irregular-shape-decorated?jtm=789c8b562a4e4d2c4ace50d2512a28ca4f294d2ed1cdc92c2e01728b2b8b755185f24a737274a2636301e4fd127e#7963071856988,https://static.jakmall.id/2018/09/images/products/8c4cb0/thumbnail/lrc-gelang-tangan-blacksilver-color-irregular-shape-decorated.jpg,Toko Aksesoris Online,DKI Jakarta,LRC Gelang Tangan Black+silver Color Irregular Shape Decorated,Rp 33.200,0,0
https://www.jakmall.comhttps://www.jakmall.com/toko-aksesoris-online/lrc-gelang-tangan-fashion-hollow-out-earth-decorated-brace?jtm=789c8b562a4e4d2c4ace50d2512a28ca4f294d2ed1cdc92c2e01728b2b8b755185f24a737274a2636301e4fd127e#8891321452836,https://static.jakmall.id/2019/03/images/products/4837e9/thumbnail/lrc-gelang-tangan-fashion-hollow-out-earth-decorated-brace.jpg,Toko Aksesoris Online,DKI Jakarta,LRC Gelang Tangan Fashion Hollow Out Earth Decorated Brace,Rp 43.700,0,0
https://www.jakmall.comhttps://www.jakmall.com/toko-aksesoris-online/lrc-gelang-tangan-black-symbol-8-shape-decorated-bracelet-8-pcs?jtm=789c8b562a4e4d2c4ace50d2512a28ca4f294d2ed1cdc92c2e01728b2b8b755185f24a737274a2636301e4fd127e#2099829846225,https://static.jakmall.id/2018/09/images/products/7b26d1/thumbnail/lrc-gelang-tangan-black-symbol-8-shape-decorated-bracelet-8-pcs.jpg,Toko Aksesoris Online,DKI Jakarta,LRC Gelang Tangan Black Symbol 8 Shape Decorated Bracelet (8 Pcs ),Rp 65.400,0,0
https://www.jakmall.comhttps://www.jakmall.com/toko-aksesoris-online/lrc-gelang-tangan-blacksilver-color-grids-pattern-decorated-bracelet-1?jtm=789c8b562a4e4d2c4ace50d2512a28ca4f294d2ed1cdc92c2e01728b2b8b755185f24a737274a2636301e4fd127e#8783125738481,https://static.jakmall.id/2018/09/images/products/3fec98/thumbnail/lrc-gelang-tangan-blacksilver-color-grids-pattern-decorated-bracelet.jpg,Toko Aksesoris Online,DKI Jakarta,LRC Gelang Tangan Black+silver Color Grids Pattern Decorated Bracelet,Rp 45.300,0,0
https://www.jakmall.comhttps://www.jakmall.com/toko-aksesoris-online/lrc-gelang-tangan-blackred-pattern-decorated-noctilucent?jtm=789c8b562a4e4d2c4ace50d2512a28ca4f294d2ed1cdc92c2e01728b2b8b755185f24a737274a2636301e4fd127e#5783581085873,https://static.jakmall.id/2018/08/images/products/e4816b/thumbnail/lrc-gelang-tangan-blackred-pattern-decorated-noctilucent.jpg,Toko Aksesoris Online,DKI Jakarta,LRC Gelang Tangan Black+red Pattern Decorated Noctilucent,Rp 28.100,0,0
https://www.jakmall.comhttps://www.jakmall.com/toko-aksesoris-online/lrc-gelang-tangan-retro-brown-little-rivet-decorated-multilayer?jtm=789c8b562a4e4d2c4ace50d2512a28ca4f294d2ed1cdc92c2e01728b2b8b755185f24a737274a2636301e4fd127e#5654585373530,https://static.jakmall.id/2018/06/images/products/07eafc/thumbnail/lrc-gelang-tangan-retro-brown-little-rivet-decorated-multilayer.jpg,Toko Aksesoris Online,DKI Jakarta,LRC Gelang Tangan Retro Brown Little Rivet Decorated Multilayer,Rp 44.500,0,0
https://www.jakmall.comhttps://www.jakmall.com/toko-aksesoris-online/lrc-gelang-tangan-vintage-black-rudder-shape-decorated?jtm=789c8b562a4e4d2c4ace50d2512a28ca4f294d2ed1cdc92c2e01728b2b8b755185f24a737274a2636301e4fd127e#6218553005825,https://static.jakmall.id/2018/06/images/products/6e82a7/thumbnail/lrc-gelang-tangan-vintage-black-rudder-shape-decorated.jpg,Toko Aksesoris Online,DKI Jakarta,LRC Gelang Tangan Vintage Black Rudder Shape Decorated,Rp 50.300,0,0
https://www.jakmall.comhttps://www.jakmall.com/toko-aksesoris-online/lrc-gelang-tangan-fashion-coffee-hollow-out-round-shape-decorated?jtm=789c8b562a4e4d2c4ace50d2512a28ca4f294d2ed1cdc92c2e01728b2b8b755185f24a737274a2636301e4fd127e#6863966018770,https://static.jakmall.id/2018/05/images/products/652a3f/thumbnail/lrc-gelang-tangan-fashion-coffee-hollow-out-round-shape-decorated.jpg,Toko Aksesoris Online,DKI Jakarta,LRC Gelang Tangan Fashion Coffee Hollow Out Round Shape Decorated,Rp 14.700,0,0
https://www.jakmall.comhttps://www.jakmall.com/toko-aksesoris-online/lrc-gelang-tangan-adjustable-brown-bow-arrow-shape-decorated?jtm=789c8b562a4e4d2c4ace50d2512a28ca4f294d2ed1cdc92c2e01728b2b8b755185f24a737274a2636301e4fd127e#2489505097158,https://static.jakmall.id/2018/04/images/products/9ad929/thumbnail/lrc-gelang-tangan-adjustable-brown-bow-arrow-shape-decorated.jpg,Toko Aksesoris Online,DKI Jakarta,LRC Gelang Tangan Adjustable Brown Bow & Arrow Shape Decorated,Rp 21.400,0,0
https://www.jakmall.comhttps://www.jakmall.com/toko-aksesoris-online/lrc-gelang-tangan-retro-coffee-meatal-leaf-decorated-hand-woven-multi?jtm=789c8b562a4e4d2c4ace50d2512a28ca4f294d2ed1cdc92c2e01728b2b8b755185f24a737274a2636301e4fd127e#5326529728638,https://static.jakmall.id/2018/04/images/products/31d4be/thumbnail/lrc-gelang-tangan-retro-coffee-meatal-leaf-decorated-hand-woven-multi.jpg,Toko Aksesoris Online,DKI Jakarta,LRC Gelang Tangan Retro Coffee Meatal Leaf Decorated Hand-woven Multi,Rp 44.900,0,0
https://www.jakmall.comhttps://www.jakmall.com/toko-aksesoris-online/lrc-gelang-tangan-wanita-fashion-flowerbee-shape-decorated-bracelet?jtm=789c8b562a4e4d2c4ace50d2512a28ca4f294d2ed1cdc92c2e01728b2b8b755185f24a737274a2636301e4fd127e#2581040047321,https://static.jakmall.id/2019/01/images/products/784f40/thumbnail/lrc-gelang-tangan-wanita-fashion-flowerbee-shape-decorated-bracelet.jpg,Toko Aksesoris Online,DKI Jakarta,LRC Gelang Tangan Wanita Fashion Flower&bee Shape Decorated Bracelet,Rp 33.300,0,0
https://www.jakmall.comhttps://www.jakmall.com/toko-aksesoris-online/lrc-gelang-tangan-silver-color-rhombus-shape-decorated-bracelet?jtm=789c8b562a4e4d2c4ace50d2512a28ca4f294d2ed1cdc92c2e01728b2b8b755185f24a737274a2636301e4fd127e#5788346390950,https://static.jakmall.id/2018/09/images/products/e197b4/thumbnail/lrc-gelang-tangan-silver-color-rhombus-shape-decorated-bracelet.jpg,Toko Aksesoris Online,DKI Jakarta,LRC Gelang Tangan Silver Color Rhombus Shape Decorated Bracelet,Rp 44.100,0,0
https://www.jakmall.comhttps://www.jakmall.com/toko-aksesoris-online/lrc-gelang-tangan-black-geometric-pattern-decorated-bracelet?jtm=789c8b562a4e4d2c4ace50d2512a28ca4f294d2ed1cdc92c2e01728b2b8b755185f24a737274a2636301e4fd127e#9487008126278,https://static.jakmall.id/2018/09/images/products/476670/thumbnail/lrc-gelang-tangan-black-geometric-pattern-decorated-bracelet.jpg,Toko Aksesoris Online,DKI Jakarta,LRC Gelang Tangan Black Geometric Pattern Decorated Bracelet,Rp 38.400,0,0
https://www.jakmall.comhttps://www.jakmall.com/toko-aksesoris-online/lrc-gelang-tangan-blacksilver-color-hollow-out-design-bracelet?jtm=789c8b562a4e4d2c4ace50d2512a28ca4f294d2ed1cdc92c2e01728b2b8b755185f24a737274a2636301e4fd127e#4153537967259,https://static.jakmall.id/2018/09/images/products/2dc355/thumbnail/lrc-gelang-tangan-blacksilver-color-hollow-out-design-bracelet.jpg,Toko Aksesoris Online,DKI Jakarta,LRC Gelang Tangan Black+silver Color Hollow Out Design Bracelet,Rp 30.200,0,0
https://www.jakmall.comhttps://www.jakmall.com/toko-aksesoris-online/lrc-gelang-tangan-silver-pendant-decorated-pure-color-bracelet?jtm=789c8b562a4e4d2c4ace50d2512a28ca4f294d2ed1cdc92c2e01728b2b8b755185f24a737274a2636301e4fd127e#8247633795017,https://static.jakmall.id/2018/09/images/products/b41fa7/thumbnail/lrc-gelang-tangan-silver-pendant-decorated-pure-color-bracelet.jpg,Toko Aksesoris Online,DKI Jakarta,LRC Gelang Tangan Silver Pendant Decorated Pure Color Bracelet,Rp 12.600,0,0
https://www.jakmall.comhttps://www.jakmall.com/toko-aksesoris-online/lrc-gelang-tangan-magnifying-black-owl-weave-design?jtm=789c8b562a4e4d2c4ace50d2512a28ca4f294d2ed1cdc92c2e01728b2b8b755185f24a737274a2636301e4fd127e#4361282668676,https://static.jakmall.id/2018/09/images/products/ce60d3/thumbnail/lrc-gelang-tangan-magnifying-black-owl-weave-design.jpg,Toko Aksesoris Online,DKI Jakarta,LRC Gelang Tangan Magnifying Black Owl Weave Design,Rp 26.900,0,0
https://www.jakmall.comhttps://www.jakmall.com/toko-aksesoris-online/lrc-gelang-tangan-black-hollow-out-round-shape-decorated?jtm=789c8b562a4e4d2c4ace50d2512a28ca4f294d2ed1cdc92c2e01728b2b8b755185f24a737274a2636301e4fd127e#3726434458280,https://static.jakmall.id/2018/07/images/products/9fa849/thumbnail/lrc-gelang-tangan-black-hollow-out-round-shape-decorated.jpg,Toko Aksesoris Online,DKI Jakarta,LRC Gelang Tangan Black Hollow Out Round Shape Decorated,Rp 12.500,0,0
https://www.jakmall.comhttps://www.jakmall.com/toko-aksesoris-online/lrc-gelang-tangan-fashion-pentagon-pattern-decorated-pure-color?jtm=789c8b562a4e4d2c4ace50d2512a28ca4f294d2ed1cdc92c2e01728b2b8b755185f24a737274a2636301e4fd127e#1792507885869,https://static.jakmall.id/2018/04/images/products/18a4f7/thumbnail/lrc-gelang-tangan-fashion-pentagon-pattern-decorated-pure-color.jpg,Toko Aksesoris Online,DKI Jakarta,LRC Gelang Tangan Fashion Pentagon Pattern Decorated Pure Color,Rp 41.900,0,0
https://www.jakmall.comhttps://www.jakmall.com/toko-aksesoris-online/lrc-gelang-tangan-wanita-fashion-color-heart-shape-decorated?jtm=789c8b562a4e4d2c4ace50d2512a28ca4f294d2ed1cdc92c2e01728b2b8b755185f24a737274a2636301e4fd127e#5317509890552,https://static.jakmall.id/2019/01/images/products/16d07f/thumbnail/lrc-gelang-tangan-wanita-fashion-color-heart-shape-decorated.jpg,Toko Aksesoris Online,DKI Jakarta,LRC Gelang Tangan Wanita Fashion Color Heart Shape Decorated,Rp 50.200,0,0
https://www.jakmall.comhttps://www.jakmall.com/toko-aksesoris-online/lrc-gelang-tangan-wanita-fashion-black-heart-shape-decorated-bracelet?jtm=789c8b562a4e4d2c4ace50d2512a28ca4f294d2ed1cdc92c2e01728b2b8b755185f24a737274a2636301e4fd127e#9598471841398,https://static.jakmall.id/2019/01/images/products/15f82c/thumbnail/lrc-gelang-tangan-wanita-fashion-black-heart-shape-decorated-bracelet.jpg,Toko Aksesoris Online,DKI Jakarta,LRC Gelang Tangan Wanita Fashion Black Heart Shape Decorated Bracelet,Rp 33.100,0,0
https://www.jakmall.comhttps://www.jakmall.com/toko-aksesoris-online/lrc-gelang-tangan-blackpurple-gemini-pattern-decorated-noctilucent?jtm=789c8b562a4e4d2c4ace50d2512a28ca4f294d2ed1cdc92c2e01728b2b8b755185f24a737274a2636301e4fd127e#8945427682674,https://static.jakmall.id/2018/08/images/products/ea0a91/thumbnail/lrc-gelang-tangan-blackpurple-gemini-pattern-decorated-noctilucent.jpg,Toko Aksesoris Online,DKI Jakarta,LRC Gelang Tangan Black+purple Gemini Pattern Decorated Noctilucent,Rp 28.100,0,0
https://www.jakmall.comhttps://www.jakmall.com/toko-aksesoris-online/lrc-gelang-tangan-blackgreen-sagittarius-pattern-decorated-noctilucen?jtm=789c8b562a4e4d2c4ace50d2512a28ca4f294d2ed1cdc92c2e01728b2b8b755185f24a737274a2636301e4fd127e#8138780615089,https://static.jakmall.id/2018/08/images/products/b4ade5/thumbnail/lrc-gelang-tangan-blackgreen-sagittarius-pattern-decorated-noctilucen.jpg,Toko Aksesoris Online,DKI Jakarta,LRC Gelang Tangan Black+green Sagittarius Pattern Decorated Noctilucen,Rp 28.100,0,0
https://www.jakmall.comhttps://www.jakmall.com/toko-aksesoris-online/lrc-gelang-tangan-brown-pure-color-decorated-simple-hand-woven?jtm=789c8b562a4e4d2c4ace50d2512a28ca4f294d2ed1cdc92c2e01728b2b8b755185f24a737274a2636301e4fd127e#3531585032082,https://static.jakmall.id/2018/07/images/products/23a283/thumbnail/lrc-gelang-tangan-brown-pure-color-decorated-simple-hand-woven.jpg,Toko Aksesoris Online,DKI Jakarta,LRC Gelang Tangan Brown Pure Color Decorated Simple Hand-woven,Rp 35.300,0,0
https://www.jakmall.comhttps://www.jakmall.com/toko-aksesoris-online/lrc-gelang-tangan-fashion-hollow-out-tree-pendant-decorated?jtm=789c8b562a4e4d2c4ace50d2512a28ca4f294d2ed1cdc92c2e01728b2b8b755185f24a737274a2636301e4fd127e#5840559168826,https://static.jakmall.id/2018/05/images/products/e73c10/thumbnail/lrc-gelang-tangan-fashion-hollow-out-tree-pendant-decorated.jpg,Toko Aksesoris Online,DKI Jakarta,LRC Gelang Tangan Fashion Hollow Out Tree Pendant Decorated,Rp 20.400,0,0
https://www.jakmall.comhttps://www.jakmall.com/toko-aksesoris-online/lrc-gelang-tangan-vintage-bowknot-shape-decorated-bracelet?jtm=789c8b562a4e4d2c4ace50d2512a28ca4f294d2ed1cdc92c2e01728b2b8b755185f24a737274a2636301e4fd127e#2190140578267,https://static.jakmall.id/2018/04/images/products/32e1e7/thumbnail/lrc-gelang-tangan-vintage-bowknot-shape-decorated-bracelet.jpg,Toko Aksesoris Online,DKI Jakarta,LRC Gelang Tangan Vintage Bowknot Shape Decorated Bracelet,Rp 10.300,0,0
https://www.jakmall.comhttps://www.jakmall.com/toko-aksesoris-online/lrc-gelang-tangan-fashion-silver-color-heart-shape-decorated-bracelet-1?jtm=789c8b562a4e4d2c4ace50d2512a28ca4f294d2ed1cdc92c2e01728b2b8b755185f24a737274a2636301e4fd127e#4922946803879,https://static.jakmall.id/2019/03/images/products/abd068/thumbnail/lrc-gelang-tangan-fashion-silver-color-heart-shape-decorated-bracelet.jpg,Toko Aksesoris Online,DKI Jakarta,LRC Gelang Tangan Fashion Silver Color Heart Shape Decorated Bracelet,Rp 40.100,0,0
https://www.jakmall.comhttps://www.jakmall.com/toko-aksesoris-online/lrc-gelang-tangan-pria-vintage-redblack-feather-shape-decorated-brace?jtm=789c8b562a4e4d2c4ace50d2512a28ca4f294d2ed1cdc92c2e01728b2b8b755185f24a737274a2636301e4fd127e#6186338193269,https://static.jakmall.id/2019/03/images/products/88aed5/thumbnail/lrc-gelang-tangan-pria-vintage-redblack-feather-shape-decorated-brace.jpg,Toko Aksesoris Online,DKI Jakarta,LRC Gelang Tangan Pria Vintage Red+black Feather Shape Decorated Brace,Rp 64.700,0,0
https://www.jakmall.comhttps://www.jakmall.com/toko-aksesoris-online/lrc-glang-tangan-fashion-gold-color-pineapple-shape-decorated-bracelet?jtm=789c8b562a4e4d2c4ace50d2512a28ca4f294d2ed1cdc92c2e01728b2b8b755185f24a737274a2636301e4fd127e#2748060019236,https://static.jakmall.id/2019/02/images/products/85affd/thumbnail/lrc-glang-tangan-fashion-gold-color-pineapple-shape-decorated-bracelet.jpg,Toko Aksesoris Online,DKI Jakarta,LRC Glang Tangan Fashion Gold Color Pineapple Shape Decorated Bracelet,Rp 51.800,0,0
https://www.jakmall.comhttps://www.jakmall.com/toko-aksesoris-online/lrc-gelang-tangan-wanita-fashion-color-flower-shape-decorated?jtm=789c8b562a4e4d2c4ace50d2512a28ca4f294d2ed1cdc92c2e01728b2b8b755185f24a737274a2636301e4fd127e#3495208667695,https://static.jakmall.id/2019/01/images/products/ecdcfb/thumbnail/lrc-gelang-tangan-wanita-fashion-color-flower-shape-decorated.jpg,Toko Aksesoris Online,DKI Jakarta,LRC Gelang Tangan Wanita Fashion Color Flower Shape Decorated,Rp 32.900,0,0
https://www.jakmall.comhttps://www.jakmall.com/toko-aksesoris-online/lrc-gelang-tangan-wanita-fashion-color-butterfly-shape-decorate?jtm=789c8b562a4e4d2c4ace50d2512a28ca4f294d2ed1cdc92c2e01728b2b8b755185f24a737274a2636301e4fd127e#1735235298238,https://static.jakmall.id/2019/01/images/products/a73746/thumbnail/lrc-gelang-tangan-wanita-fashion-color-butterfly-shape-decorate.jpg,Toko Aksesoris Online,DKI Jakarta,LRC Gelang Tangan Wanita Fashion Color Butterfly Shape Decorate,Rp 34.100,0,0
https://www.jakmall.comhttps://www.jakmall.com/toko-aksesoris-online/lrc-gelang-tangan-wanita-fashion-color-snowflake-shape-decorated?jtm=789c8b562a4e4d2c4ace50d2512a28ca4f294d2ed1cdc92c2e01728b2b8b755185f24a737274a2636301e4fd127e#2126730250184,https://static.jakmall.id/2019/01/images/products/db194b/thumbnail/lrc-gelang-tangan-wanita-fashion-color-snowflake-shape-decorated.jpg,Toko Aksesoris Online,DKI Jakarta,LRC Gelang Tangan Wanita Fashion Color Snowflake Shape Decorated,Rp 33.400,0,0
https://www.jakmall.comhttps://www.jakmall.com/toko-aksesoris-online/lec-gelang-tangan-wanita-fashion-color-leaf-shape-decorated-bracelet?jtm=789c8b562a4e4d2c4ace50d2512a28ca4f294d2ed1cdc92c2e01728b2b8b755185f24a737274a2636301e4fd127e#6040419657456,https://static.jakmall.id/2019/01/images/products/a2b79c/thumbnail/lec-gelang-tangan-wanita-fashion-color-leaf-shape-decorated-bracelet.jpg,Toko Aksesoris Online,DKI Jakarta,LEC Gelang Tangan Wanita Fashion Color Leaf Shape Decorated Bracelet,Rp 37.500,0,0
https://www.jakmall.comhttps://www.jakmall.com/toko-aksesoris-online/lrc-gelang-tangan-fashion-color-flower-shape-decorated-bracelet-1?jtm=789c8b562a4e4d2c4ace50d2512a28ca4f294d2ed1cdc92c2e01728b2b8b755185f24a737274a2636301e4fd127e#1891226566111,https://static.jakmall.id/2019/01/images/products/08418b/thumbnail/lrc-gelang-tangan-fashion-color-flower-shape-decorated-bracelet.jpg,Toko Aksesoris Online,DKI Jakarta,LRC Gelang Tangan Fashion Color Flower Shape Decorated Bracelet,Rp 35.100,0,0
https://www.jakmall.comhttps://www.jakmall.com/toko-aksesoris-online/lrc-gelang-tangan-wanita-fashion-color-flower-shape-decorated-bracelet?jtm=789c8b562a4e4d2c4ace50d2512a28ca4f294d2ed1cdc92c2e01728b2b8b755185f24a737274a2636301e4fd127e#5537485882496,https://static.jakmall.id/2019/01/images/products/2d146c/thumbnail/lrc-gelang-tangan-wanita-fashion-color-flower-shape-decorated-bracelet.jpg,Toko Aksesoris Online,DKI Jakarta,LRC Gelang Tangan Wanita Fashion Color Flower Shape Decorated Bracelet,Rp 32.900,0,0
https://www.jakmall.comhttps://www.jakmall.com/toko-aksesoris-online/lrc-gelang-tangan-wanita-fashion-tree-shape-decorated-braccelet?jtm=789c8b562a4e4d2c4ace50d2512a28ca4f294d2ed1cdc92c2e01728b2b8b755185f24a737274a2636301e4fd127e#6232383463140,https://static.jakmall.id/2019/01/images/products/4233f4/thumbnail/lrc-gelang-tangan-wanita-fashion-tree-shape-decorated-braccelet.jpg,Toko Aksesoris Online,DKI Jakarta,LRC Gelang Tangan Wanita Fashion Tree Shape Decorated Braccelet,Rp 31.000,0,0
https://www.jakmall.comhttps://www.jakmall.com/toko-aksesoris-online/lrc-gelang-tangan-wanita-fashion-bowknot-shape-decorated-bracelet?jtm=789c8b562a4e4d2c4ace50d2512a28ca4f294d2ed1cdc92c2e01728b2b8b755185f24a737274a2636301e4fd127e#2650405457518,https://static.jakmall.id/2019/01/images/products/c37510/thumbnail/lrc-gelang-tangan-wanita-fashion-bowknot-shape-decorated-bracelet.jpg,Toko Aksesoris Online,DKI Jakarta,LRC Gelang Tangan Wanita Fashion Bowknot Shape Decorated Bracelet,Rp 34.100,0,0
https://www.jakmall.comhttps://www.jakmall.com/toko-aksesoris-online/lrc-gelang-tangan-wanita-fashion-flower-shape-decorated-bracelet?jtm=789c8b562a4e4d2c4ace50d2512a28ca4f294d2ed1cdc92c2e01728b2b8b755185f24a737274a2636301e4fd127e#5759106784767,https://static.jakmall.id/2019/01/images/products/355c57/thumbnail/lrc-gelang-tangan-wanita-fashion-flower-shape-decorated-bracelet.jpg,Toko Aksesoris Online,DKI Jakarta,LRC Gelang Tangan Wanita Fashion Flower Shape Decorated Bracelet,Rp 32.300,0,0
https://www.jakmall.comhttps://www.jakmall.com/toko-aksesoris-online/lrc-gelang-tangan-wanita-fashion-pearldiamond-decorated-bracelet?jtm=789c8b562a4e4d2c4ace50d2512a28ca4f294d2ed1cdc92c2e01728b2b8b755185f24a737274a2636301e4fd127e#2571901877778,https://static.jakmall.id/2019/01/images/products/7b9016/thumbnail/lrc-gelang-tangan-wanita-fashion-pearldiamond-decorated-bracelet.jpg,Toko Aksesoris Online,DKI Jakarta,LRC Gelang Tangan Wanita Fashion Pearl&diamond Decorated Bracelet,Rp 31.800,0,0
https://www.jakmall.comhttps://www.jakmall.com/toko-aksesoris-online/lrc-gelanng-tangan-wanita-fashion-starfish-shape-decorated-bracelet?jtm=789c8b562a4e4d2c4ace50d2512a28ca4f294d2ed1cdc92c2e01728b2b8b755185f24a737274a2636301e4fd127e#2419522645964,https://static.jakmall.id/2019/01/images/products/9f12c7/thumbnail/lrc-gelanng-tangan-wanita-fashion-starfish-shape-decorated-bracelet.jpg,Toko Aksesoris Online,DKI Jakarta,LRC GelaNng Tangan Wanita Fashion Starfish Shape Decorated Bracelet,Rp 33.800,0,0
https://www.jakmall.comhttps://www.jakmall.com/toko-aksesoris-online/lrc-gelang-tangan-fashion-color-flower-shape-decorated-bracelet?jtm=789c8b562a4e4d2c4ace50d2512a28ca4f294d2ed1cdc92c2e01728b2b8b755185f24a737274a2636301e4fd127e#8280785992567,https://static.jakmall.id/2019/01/images/products/21c9b1/thumbnail/lrc-gelang-tangan-fashion-color-flower-shape-decorated-bracelet.jpg,Toko Aksesoris Online,DKI Jakarta,LRC Gelang Tangan Fashion Color Flower Shape Decorated Bracelet,Rp 35.400,0,0
https://www.jakmall.comhttps://www.jakmall.com/toko-aksesoris-online/lrc-gelang-tangan-fashion-brown-rivet-decorated-weave-multi-layer?jtm=789c8b562a4e4d2c4ace50d2512a28ca4f294d2ed1cdc92c2e01728b2b8b755185f24a737274a2636301e4fd127e#7784426211307,https://static.jakmall.id/2018/12/images/products/971a6c/thumbnail/lrc-gelang-tangan-fashion-brown-rivet-decorated-weave-multi-layer.jpg,Toko Aksesoris Online,DKI Jakarta,LRC Gelang Tangan Fashion Brown Rivet Decorated Weave Multi-layer,Rp 43.900,0,0
https://www.jakmall.comhttps://www.jakmall.com/toko-aksesoris-online/lrc-gelang-tangan-brown-pure-color-decorated-bracelet-8-pcs?jtm=789c8b562a4e4d2c4ace50d2512a28ca4f294d2ed1cdc92c2e01728b2b8b755185f24a737274a2636301e4fd127e#6106275396263,https://static.jakmall.id/2018/09/images/products/6ce957/thumbnail/lrc-gelang-tangan-brown-pure-color-decorated-bracelet-8-pcs.jpg,Toko Aksesoris Online,DKI Jakarta,LRC Gelang Tangan Brown Pure Color Decorated Bracelet (8 Pcs ),Rp 65.400,0,0
https://www.jakmall.comhttps://www.jakmall.com/toko-aksesoris-online/lrc-gelang-tangan-multi-color-pure-color-decorated-bracelet-3-pcs?jtm=789c8b562a4e4d2c4ace50d2512a28ca4f294d2ed1cdc92c2e01728b2b8b755185f24a737274a2636301e4fd127e#2962705718213,https://static.jakmall.id/2018/09/images/products/b38589/thumbnail/lrc-gelang-tangan-multi-color-pure-color-decorated-bracelet-3-pcs.jpg,Toko Aksesoris Online,DKI Jakarta,LRC Gelang Tangan Multi-color Pure Color Decorated Bracelet (3 Pcs ),Rp 30.000,0,0
https://www.jakmall.comhttps://www.jakmall.com/toko-aksesoris-online/lrc-gelang-tangan-brown-color-matching-decorated-bracelet-8-pcs?jtm=789c8b562a4e4d2c4ace50d2512a28ca4f294d2ed1cdc92c2e01728b2b8b755185f24a737274a2636301e4fd127e#2819494207179,https://static.jakmall.id/2018/09/images/products/300bfe/thumbnail/lrc-gelang-tangan-brown-color-matching-decorated-bracelet-8-pcs.jpg,Toko Aksesoris Online,DKI Jakarta,LRC Gelang Tangan Brown Color Matching Decorated Bracelet (8 Pcs ),Rp 65.400,0,0
https://www.jakmall.comhttps://www.jakmall.com/toko-aksesoris-online/lrc-gelang-tangan-beads-decorated-simple-design-rosin-korean-fashion?jtm=789c8b562a4e4d2c4ace50d2512a28ca4f294d2ed1cdc92c2e01728b2b8b755185f24a737274a2636301e4fd127e#8171676137753,https://static.jakmall.id/2018/09/images/products/7acdfd/thumbnail/lrc-gelang-tangan-beads-decorated-simple-design-rosin-korean-fashion.jpg,Toko Aksesoris Online,DKI Jakarta,LRC Gelang Tangan Beads Decorated Simple Design Rosin Korean Fashion,Rp 20.800,0,0
https://www.jakmall.comhttps://www.jakmall.com/toko-aksesoris-online/lrc-gelang-tangan-dark-coffee-life-tree-and-birds-design?jtm=789c8b562a4e4d2c4ace50d2512a28ca4f294d2ed1cdc92c2e01728b2b8b755185f24a737274a2636301e4fd127e#7743612513303,https://static.jakmall.id/2018/09/images/products/e2d1d7/thumbnail/lrc-gelang-tangan-dark-coffee-life-tree-and-birds-design.jpg,Toko Aksesoris Online,DKI Jakarta,LRC Gelang Tangan Dark Coffee Life Tree And Birds Design,Rp 23.100,0,0
https://www.jakmall.comhttps://www.jakmall.com/toko-aksesoris-online/lrc-gelang-tangan-blackgreen-aries-pattern-decorated-noctilucent?jtm=789c8b562a4e4d2c4ace50d2512a28ca4f294d2ed1cdc92c2e01728b2b8b755185f24a737274a2636301e4fd127e#7162206906586,https://static.jakmall.id/2018/08/images/products/d41d5a/thumbnail/lrc-gelang-tangan-blackgreen-aries-pattern-decorated-noctilucent.jpg,Toko Aksesoris Online,DKI Jakarta,LRC Gelang Tangan Black+green Aries Pattern Decorated Noctilucent,Rp 28.100,0,0
https://www.jakmall.comhttps://www.jakmall.com/toko-aksesoris-online/lrc-gelang-tangan-gold-color-rivet-decorate-decorated-leaf-design?jtm=789c8b562a4e4d2c4ace50d2512a28ca4f294d2ed1cdc92c2e01728b2b8b755185f24a737274a2636301e4fd127e#8704802266442,https://static.jakmall.id/2018/08/images/products/9e0490/thumbnail/lrc-gelang-tangan-gold-color-rivet-decorate-decorated-leaf-design.jpg,Toko Aksesoris Online,DKI Jakarta,LRC Gelang Tangan Gold Color Rivet Decorate Decorated Leaf Design,Rp 34.400,0,0
https://www.jakmall.comhttps://www.jakmall.com/toko-aksesoris-online/lrc-gelang-tangan-fashion-brown-color-matching-decorated-simple-brace?jtm=789c8b562a4e4d2c4ace50d2512a28ca4f294d2ed1cdc92c2e01728b2b8b755185f24a737274a2636301e4fd127e#4404560209520,https://static.jakmall.id/2018/06/images/products/2832b4/thumbnail/lrc-gelang-tangan-fashion-brown-color-matching-decorated-simple-brace.jpg,Toko Aksesoris Online,DKI Jakarta,LRC Gelang Tangan Fashion Brown Color Matching Decorated Simple Brace,Rp 38.200,0,0
https://www.jakmall.comhttps://www.jakmall.com/toko-aksesoris-online/lrc-gelang-tangan-fashion-claret-red-metal-round-shape-decorated?jtm=789c8b562a4e4d2c4ace50d2512a28ca4f294d2ed1cdc92c2e01728b2b8b755185f24a737274a2636301e4fd127e#2107759666369,https://static.jakmall.id/2018/06/images/products/7fbb66/thumbnail/lrc-gelang-tangan-fashion-claret-red-metal-round-shape-decorated.jpg,Toko Aksesoris Online,DKI Jakarta,LRC Gelang Tangan Fashion Claret-red Metal Round Shape Decorated,Rp 37.000,0,0
https://www.jakmall.comhttps://www.jakmall.com/toko-aksesoris-online/lrc-gelang-tangan-trendy-pothook-shape-decorated-pure-color?jtm=789c8b562a4e4d2c4ace50d2512a28ca4f294d2ed1cdc92c2e01728b2b8b755185f24a737274a2636301e4fd127e#6653751497202,https://static.jakmall.id/2018/05/images/products/3587db/thumbnail/lrc-gelang-tangan-trendy-pothook-shape-decorated-pure-color.jpg,Toko Aksesoris Online,DKI Jakarta,LRC Gelang Tangan Trendy Pothook Shape Decorated Pure Color,Rp 37.200,0,0
https://www.jakmall.comhttps://www.jakmall.com/toko-aksesoris-online/lrc-gelang-tangan-fashion-hollow-out-round-shape-decorated-multilayer?jtm=789c8b562a4e4d2c4ace50d2512a28ca4f294d2ed1cdc92c2e01728b2b8b755185f24a737274a2636301e4fd127e#5040665265995,https://static.jakmall.id/2018/05/images/products/ad6c83/thumbnail/lrc-gelang-tangan-fashion-hollow-out-round-shape-decorated-multilayer.jpg,Toko Aksesoris Online,DKI Jakarta,LRC Gelang Tangan Fashion Hollow Out Round Shape Decorated Multilayer,Rp 40.500,0,0
https://www.jakmall.comhttps://www.jakmall.com/toko-aksesoris-online/lrc-gelang-tangan-vintage-multicolor-color-matching-decorated-bracelet?jtm=789c8b562a4e4d2c4ace50d2512a28ca4f294d2ed1cdc92c2e01728b2b8b755185f24a737274a2636301e4fd127e#7286710382985,https://static.jakmall.id/2018/04/images/products/7dabcc/thumbnail/lrc-gelang-tangan-vintage-multicolor-color-matching-decorated-bracelet.jpg,Toko Aksesoris Online,DKI Jakarta,LRC Gelang Tangan Vintage Multicolor Color-matching Decorated Bracelet,Rp 76.600,0,0
https://www.jakmall.comhttps://www.jakmall.com/toko-aksesoris-online/lrc-gelang-tangan-fashion-multi-color-feather-decorated-multi-layer?jtm=789c8b562a4e4d2c4ace50d2512a28ca4f294d2ed1cdc92c2e01728b2b8b755185f24a737274a2636301e4fd127e#5809318950029,https://static.jakmall.id/2018/04/images/products/8e1aa4/thumbnail/lrc-gelang-tangan-fashion-multi-color-feather-decorated-multi-layer.jpg,Toko Aksesoris Online,DKI Jakarta,LRC Gelang Tangan Fashion Multi-color Feather Decorated Multi-layer,Rp 38.800,0,0
https://www.jakmall.comhttps://www.jakmall.com/toko-aksesoris-online/lrc-gelang-tangan-fashion-black-pure-color-decorated-multi-layer-brace?jtm=789c8b562a4e4d2c4ace50d2512a28ca4f294d2ed1cdc92c2e01728b2b8b755185f24a737274a2636301e4fd127e#2709674630411,https://static.jakmall.id/2019/07/images/products/f5bbdf/thumbnail/lrc-gelang-tangan-fashion-black-pure-color-decorated-multi-layer-brace.jpg,Toko Aksesoris Online,DKI Jakarta,LRC Gelang Tangan Fashion Black Pure Color Decorated Multi-layer Brace,Rp 57.800,0,0
https://www.jakmall.comhttps://www.jakmall.com/toko-aksesoris-online/lrc-gelang-tangan-fashion-pink-pineappletree-shape-decorated-bracelet?jtm=789c8b562a4e4d2c4ace50d2512a28ca4f294d2ed1cdc92c2e01728b2b8b755185f24a737274a2636301e4fd127e#4624440586837,https://static.jakmall.id/2019/03/images/products/7e3fd5/thumbnail/lrc-gelang-tangan-fashion-pink-pineappletree-shape-decorated-bracelet.jpg,Toko Aksesoris Online,DKI Jakarta,LRC Gelang Tangan Fashion Pink Pineapple&tree Shape Decorated Bracelet,Rp 47.200,0,0
https://www.jakmall.comhttps://www.jakmall.com/toko-aksesoris-online/lrc-gelang-tangan-fashion-multi-color-bead-decorated-bracelet-4-pcs?jtm=789c8b562a4e4d2c4ace50d2512a28ca4f294d2ed1cdc92c2e01728b2b8b755185f24a737274a2636301e4fd127e#5224072159963,https://static.jakmall.id/2019/02/images/products/4f0a95/thumbnail/lrc-gelang-tangan-fashion-multi-color-bead-decorated-bracelet-4-pcs.jpg,Toko Aksesoris Online,DKI Jakarta,LRC Gelang Tangan Fashion Multi-color Bead Decorated Bracelet (4 Pcs ),Rp 35.400,0,0
https://www.jakmall.comhttps://www.jakmall.com/toko-aksesoris-online/lrc-gelang-tangan-fashion-silver-color-heart-shape-decorated-bracelet?jtm=789c8b562a4e4d2c4ace50d2512a28ca4f294d2ed1cdc92c2e01728b2b8b755185f24a737274a2636301e4fd127e#7957359694844,https://static.jakmall.id/2019/02/images/products/2ff061/thumbnail/lrc-gelang-tangan-fashion-silver-color-heart-shape-decorated-bracelet.jpg,Toko Aksesoris Online,DKI Jakarta,LRC Gelang Tangan Fashion Silver Color Heart Shape Decorated Bracelet,Rp 44.200,0,0
https://www.jakmall.comhttps://www.jakmall.com/toko-aksesoris-online/lrc-gelang-tangan-fashion-black-shell-shape-decorated-braceletfashion?jtm=789c8b562a4e4d2c4ace50d2512a28ca4f294d2ed1cdc92c2e01728b2b8b755185f24a737274a2636301e4fd127e#5554089813866,https://static.jakmall.id/2019/01/images/products/042b52/thumbnail/lrc-gelang-tangan-fashion-black-shell-shape-decorated-braceletfashion.jpg,Toko Aksesoris Online,DKI Jakarta,LRC Gelang Tangan Fashion Black Shell Shape Decorated BraceletFashion,Rp 38.500,0,0
https://www.jakmall.comhttps://www.jakmall.com/toko-aksesoris-online/lrc-gelang-tangan-lucky-white-pearl-decorated-simple-design?jtm=789c8b562a4e4d2c4ace50d2512a28ca4f294d2ed1cdc92c2e01728b2b8b755185f24a737274a2636301e4fd127e#1363274973714,https://static.jakmall.id/2018/10/images/products/b8d23f/thumbnail/lrc-gelang-tangan-lucky-white-pearl-decorated-simple-design.jpg,Toko Aksesoris Online,DKI Jakarta,LRC Gelang Tangan lucky White Pearl Decorated Simple Design,Rp 43.300,0,0
https://www.jakmall.comhttps://www.jakmall.com/toko-aksesoris-online/lrc-gelang-tangan-blackgold-color-leaf-pattern-decorated-bracelet?jtm=789c8b562a4e4d2c4ace50d2512a28ca4f294d2ed1cdc92c2e01728b2b8b755185f24a737274a2636301e4fd127e#9248629742839,https://static.jakmall.id/2018/09/images/products/a219d6/thumbnail/lrc-gelang-tangan-blackgold-color-leaf-pattern-decorated-bracelet.jpg,Toko Aksesoris Online,DKI Jakarta,LRC Gelang Tangan Black+gold Color Leaf Pattern Decorated Bracelet,Rp 33.500,0,0
https://www.jakmall.comhttps://www.jakmall.com/toko-aksesoris-online/lrc-gelang-tangan-blacksilver-color-wing-shape-decorated-bracelet?jtm=789c8b562a4e4d2c4ace50d2512a28ca4f294d2ed1cdc92c2e01728b2b8b755185f24a737274a2636301e4fd127e#1748114040800,https://static.jakmall.id/2018/09/images/products/b81497/thumbnail/lrc-gelang-tangan-blacksilver-color-wing-shape-decorated-bracelet.jpg,Toko Aksesoris Online,DKI Jakarta,LRC Gelang Tangan Black+silver Color Wing Shape Decorated Bracelet,Rp 34.000,0,0
https://www.jakmall.comhttps://www.jakmall.com/toko-aksesoris-online/lrc-gelang-tangan-blacksilver-color-grids-pattern-decorated-bracelet?jtm=789c8b562a4e4d2c4ace50d2512a28ca4f294d2ed1cdc92c2e01728b2b8b755185f24a737274a2636301e4fd127e#6577653666329,https://static.jakmall.id/2018/09/images/products/1dc3a5/thumbnail/lrc-gelang-tangan-blacksilver-color-grids-pattern-decorated-bracelet.jpg,Toko Aksesoris Online,DKI Jakarta,LRC Gelang Tangan Black+silver Color Grids Pattern Decorated Bracelet,Rp 42.800,0,0
https://www.jakmall.comhttps://www.jakmall.com/toko-aksesoris-online/lrc-gelang-tangan-blacksilver-color-round-shape-decorated-bracelet?jtm=789c8b562a4e4d2c4ace50d2512a28ca4f294d2ed1cdc92c2e01728b2b8b755185f24a737274a2636301e4fd127e#1927676833135,https://static.jakmall.id/2018/09/images/products/aa51c8/thumbnail/lrc-gelang-tangan-blacksilver-color-round-shape-decorated-bracelet.jpg,Toko Aksesoris Online,DKI Jakarta,LRC Gelang Tangan Black+silver Color Round Shape Decorated Bracelet,Rp 45.200,0,0
https://www.jakmall.comhttps://www.jakmall.com/toko-aksesoris-online/lrc-gelang-tangan-silvercolor-small-bells-pendant-pure-color-simple?jtm=789c8b562a4e4d2c4ace50d2512a28ca4f294d2ed1cdc92c2e01728b2b8b755185f24a737274a2636301e4fd127e#5377623829756,https://static.jakmall.id/2018/09/images/products/a6b068/thumbnail/lrc-gelang-tangan-silvercolor-small-bells-pendant-pure-color-simple.jpg,Toko Aksesoris Online,DKI Jakarta,LRC Gelang Tangan Silvercolor Small Bells Pendant Pure Color Simple,Rp 13.600,0,0
https://www.jakmall.comhttps://www.jakmall.com/toko-aksesoris-online/lrc-gelang-tangan-blue-decorated-double-layer-bracelet?jtm=789c8b562a4e4d2c4ace50d2512a28ca4f294d2ed1cdc92c2e01728b2b8b755185f24a737274a2636301e4fd127e#8256785458863,https://static.jakmall.id/2018/08/images/products/4e4e23/thumbnail/lrc-gelang-tangan-blue-decorated-double-layer-bracelet.jpg,Toko Aksesoris Online,DKI Jakarta,LRC Gelang Tangan Blue Decorated Double Layer Bracelet,Rp 29.200,0,0
https://www.jakmall.comhttps://www.jakmall.com/toko-aksesoris-online/lrc-gelang-tangan-pure-color-design-width-bracelet?jtm=789c8b562a4e4d2c4ace50d2512a28ca4f294d2ed1cdc92c2e01728b2b8b755185f24a737274a2636301e4fd127e#7596630385642,https://static.jakmall.id/2018/08/images/products/40ab48/thumbnail/lrc-gelang-tangan-pure-color-design-width-bracelet.jpg,Toko Aksesoris Online,DKI Jakarta,LRC Gelang Tangan Pure Color Design Width Bracelet,Rp 56.500,0,0
https://www.jakmall.comhttps://www.jakmall.com/toko-aksesoris-online/lrc-gelang-tangan-circular-ring-shape-decorated-pure-color?jtm=789c8b562a4e4d2c4ace50d2512a28ca4f294d2ed1cdc92c2e01728b2b8b755185f24a737274a2636301e4fd127e#4214603302305,https://static.jakmall.id/2018/07/images/products/89fb7d/thumbnail/lrc-gelang-tangan-circular-ring-shape-decorated-pure-color.jpg,Toko Aksesoris Online,DKI Jakarta,LRC Gelang Tangan Circular Ring Shape Decorated Pure Color,Rp 35.300,0,0
https://www.jakmall.comhttps://www.jakmall.com/toko-aksesoris-online/lrc-gelang-tangan-vintage-coffee-peace-symbol-shape-decorated?jtm=789c8b562a4e4d2c4ace50d2512a28ca4f294d2ed1cdc92c2e01728b2b8b755185f24a737274a2636301e4fd127e#6294357882844,https://static.jakmall.id/2018/06/images/products/04555c/thumbnail/lrc-gelang-tangan-vintage-coffee-peace-symbol-shape-decorated.jpg,Toko Aksesoris Online,DKI Jakarta,LRC Gelang Tangan Vintage Coffee Peace Symbol Shape Decorated,Rp 46.400,0,0
https://www.jakmall.comhttps://www.jakmall.com/toko-aksesoris-online/lrc-gelang-tangan-vintage-multi-color-color-matching-decorated-multi?jtm=789c8b562a4e4d2c4ace50d2512a28ca4f294d2ed1cdc92c2e01728b2b8b755185f24a737274a2636301e4fd127e#3470181334191,https://static.jakmall.id/2018/06/images/products/215dca/thumbnail/lrc-gelang-tangan-vintage-multi-color-color-matching-decorated-multi.jpg,Toko Aksesoris Online,DKI Jakarta,LRC Gelang Tangan Vintage Multi-color Color Matching Decorated Multi,Rp 43.900,0,0
https://www.jakmall.comhttps://www.jakmall.com/toko-aksesoris-online/lrc-gelang-tangan-brown-color-matching-decorated-simple-bracelet?jtm=789c8b562a4e4d2c4ace50d2512a28ca4f294d2ed1cdc92c2e01728b2b8b755185f24a737274a2636301e4fd127e#3893400859209,https://static.jakmall.id/2018/05/images/products/ad87ae/thumbnail/lrc-gelang-tangan-brown-color-matching-decorated-simple-bracelet.jpg,Toko Aksesoris Online,DKI Jakarta,LRC Gelang Tangan Brown Color Matching Decorated Simple Bracelet,Rp 81.100,0,0
https://www.jakmall.comhttps://www.jakmall.com/toko-aksesoris-online/lrc-gelang-tangan-sweet-light-blue-cat-shape-pendant-decorated-beads?jtm=789c8b562a4e4d2c4ace50d2512a28ca4f294d2ed1cdc92c2e01728b2b8b755185f24a737274a2636301e4fd127e#9910015397341,https://static.jakmall.id/2018/05/images/products/dd4165/thumbnail/lrc-gelang-tangan-sweet-light-blue-cat-shape-pendant-decorated-beads.jpg,Toko Aksesoris Online,DKI Jakarta,LRC Gelang Tangan Sweet Light Blue Cat Shape Pendant Decorated Beads,Rp 34.700,0,0
https://www.jakmall.comhttps://www.jakmall.com/toko-aksesoris-online/lrc-gelang-tangan-fashion-color-full-diamond-decorated-pure?jtm=789c8b562a4e4d2c4ace50d2512a28ca4f294d2ed1cdc92c2e01728b2b8b755185f24a737274a2636301e4fd127e#6645808339730,https://static.jakmall.id/2018/04/images/products/593a67/thumbnail/lrc-gelang-tangan-fashion-color-full-diamond-decorated-pure.jpg,Toko Aksesoris Online,DKI Jakarta,LRC Gelang Tangan Fashion Color Full Diamond Decorated Pure,Rp 29.300,0,0
https://www.jakmall.comhttps://www.jakmall.com/toko-aksesoris-online/lrc-gelang-tangan-vintage-coffee-hollow-out-crwon8-shape-decorated?jtm=789c8b562a4e4d2c4ace50d2512a28ca4f294d2ed1cdc92c2e01728b2b8b755185f24a737274a2636301e4fd127e#1530360153448,https://static.jakmall.id/2018/04/images/products/0a7435/thumbnail/lrc-gelang-tangan-vintage-coffee-hollow-out-crwon8-shape-decorated.jpg,Toko Aksesoris Online,DKI Jakarta,LRC Gelang Tangan Vintage Coffee Hollow Out Crwon&8 Shape Decorated,Rp 20.400,0,0
https://www.jakmall.comhttps://www.jakmall.com/toko-aksesoris-online/lrc-gelang-tangan-retro-metal-crown-shape-decorated-multilayer?jtm=789c8b562a4e4d2c4ace50d2512a28ca4f294d2ed1cdc92c2e01728b2b8b755185f24a737274a2636301e4fd127e#5975235161057,https://static.jakmall.id/2018/04/images/products/977083/thumbnail/lrc-gelang-tangan-retro-metal-crown-shape-decorated-multilayer.jpg,Toko Aksesoris Online,DKI Jakarta,LRC Gelang Tangan Retro Metal Crown Shape Decorated Multilayer,Rp 20.200,0,0
https://www.jakmall.comhttps://www.jakmall.com/toko-aksesoris-online/lrc-gelang-tangan-2013-brown-bird-shape-decorated-multilayer?jtm=789c8b562a4e4d2c4ace50d2512a28ca4f294d2ed1cdc92c2e01728b2b8b755185f24a737274a2636301e4fd127e#8100280085721,https://static.jakmall.id/2018/04/images/products/7b58ee/thumbnail/lrc-gelang-tangan-2013-brown-bird-shape-decorated-multilayer.jpg,Toko Aksesoris Online,DKI Jakarta,LRC Gelang Tangan 2013 Brown Bird Shape Decorated Multilayer,Rp 20.300,0,0
https://www.jakmall.comhttps://www.jakmall.com/toko-aksesoris-online/lrc-gelang-tangan-retro-coffee-metal-owl-shape-decorated-multilayer?jtm=789c8b562a4e4d2c4ace50d2512a28ca4f294d2ed1cdc92c2e01728b2b8b755185f24a737274a2636301e4fd127e#3439599869637,https://static.jakmall.id/2018/04/images/products/e37f51/thumbnail/lrc-gelang-tangan-retro-coffee-metal-owl-shape-decorated-multilayer.jpg,Toko Aksesoris Online,DKI Jakarta,LRC Gelang Tangan Retro Coffee Metal Owl Shape Decorated Multilayer,Rp 23.800,0,0
https://www.jakmall.comhttps://www.jakmall.com/toko-aksesoris-online/lrc-gelang-tangan-fashion-brown-shape-decorated-braceletfashion?jtm=789c8b562a4e4d2c4ace50d2512a28ca4f294d2ed1cdc92c2e01728b2b8b755185f24a737274a2636301e4fd127e#6104420130247,https://static.jakmall.id/2018/04/images/products/9d3120/thumbnail/lrc-gelang-tangan-fashion-brown-shape-decorated-braceletfashion.jpg,Toko Aksesoris Online,DKI Jakarta,LRC Gelang Tangan Fashion Brown Shape Decorated BraceletFashion,Rp 27.100,0,0
https://www.jakmall.comhttps://www.jakmall.com/toko-aksesoris-online/lrc-gelang-tangan-vintage-hollow-out-watchletter-love-decorated?jtm=789c8b562a4e4d2c4ace50d2512a28ca4f294d2ed1cdc92c2e01728b2b8b755185f24a737274a2636301e4fd127e#5019562075954,https://static.jakmall.id/2018/04/images/products/e08392/thumbnail/lrc-gelang-tangan-vintage-hollow-out-watchletter-love-decorated.jpg,Toko Aksesoris Online,DKI Jakarta,LRC Gelang Tangan Vintage Hollow Out Watch&letter Love Decorated,Rp 22.000,0,0
https://www.jakmall.comhttps://www.jakmall.com/toko-aksesoris-online/lrc-gelang-tangan-elegant-dark-coffee-pure-color-decorated-multilayer?jtm=789c8b562a4e4d2c4ace50d2512a28ca4f294d2ed1cdc92c2e01728b2b8b755185f24a737274a2636301e4fd127e#1288529754883,https://static.jakmall.id/2018/05/images/products/c3138c/thumbnail/lrc-gelang-tangan-elegant-dark-coffee-pure-color-decorated-multilayer.jpg,Toko Aksesoris Online,DKI Jakarta,LRC Gelang Tangan Elegant Dark Coffee Pure Color Decorated Multilayer,Rp 10.700,3,1
https://www.jakmall.comhttps://www.jakmall.com/toko-aksesoris-online/lrc-gelang-tangan-elegant-black-pure-color-decorated-multilayer?jtm=789c8b562a4e4d2c4ace50d2512a28ca4f294d2ed1cdc92c2e01728b2b8b755185f24a737274a2636301e4fd127e#6314708738716,https://static.jakmall.id/2018/05/images/products/bafba7/thumbnail/lrc-gelang-tangan-elegant-black-pure-color-decorated-multilayer.jpg,Toko Aksesoris Online,DKI Jakarta,LRC Gelang Tangan Elegant Black Pure Color Decorated Multilayer,Rp 10.700,0,0
https://www.jakmall.comhttps://www.jakmall.com/toko-aksesoris-online/lrc-gelang-tangan-black-pure-color-decorated-bracelet?jtm=789c8b562a4e4d2c4ace50d2512a28ca4f294d2ed1cdc92c2e01728b2b8b755185f24a737274a2636301e4fd127e#1596690362721,https://static.jakmall.id/2018/07/images/products/a626a8/thumbnail/lrc-gelang-tangan-black-pure-color-decorated-bracelet.jpg,Toko Aksesoris Online,DKI Jakarta,LRC Gelang Tangan Black Pure Color Decorated Bracelet,Rp 81.700,0,0
https://www.jakmall.comhttps://www.jakmall.com/klikmystorecom/gelang-anti-nyamuk-anak-led-flash-mosquito-bracelet-bentuk-jam-tangan?jtm=789c8b562a4e4d2c4ace50d2512a28ca4f294d2ed1cdc92c2e01728b2b8b755185f24a737274a2636301e4fd127e#9579724902595,https://static.jakmall.id/2023/01/images/products/5a6bfc/thumbnail/gelang-anti-nyamuk-anak-led-flash-mosquito-bracelet-bentuk-jam-tangan.jpg,Klikmystore.com,Tangerang,Gelang Anti Nyamuk Anak LED Flash Mosquito Bracelet Bentuk Jam Tangan,Rp 3.500,0,0
https://www.jakmall.comhttps://www.jakmall.com/toko-aksesoris-online/lrc-gelang-tangan-fashion-black-tai-chi-pattern-decorated-bracelet?jtm=789c8b562a4e4d2c4ace50d2512a28ca4f294d2ed1cdc92c2e01728b2b8b755185f24a737274a2636301e4fd127e#4072209559547,https://static.jakmall.id/2018/06/images/products/b16eb8/thumbnail/lrc-gelang-tangan-fashion-black-tai-chi-pattern-decorated-bracelet.jpg,Toko Aksesoris Online,DKI Jakarta,LRC Gelang Tangan Fashion Black Tai Chi Pattern Decorated Bracelet,Rp 17.400,0,0
https://www.jakmall.comhttps://www.jakmall.com/toko-aksesoris-online/lrc-gelang-tangan-blacksilver-color-multi-layer-design-bracelet?jtm=789c8b562a4e4d2c4ace50d2512a28ca4f294d2ed1cdc92c2e01728b2b8b755185f24a737274a2636301e4fd127e#9317156917180,https://static.jakmall.id/2018/09/images/products/20ec52/thumbnail/lrc-gelang-tangan-blacksilver-color-multi-layer-design-bracelet.jpg,Toko Aksesoris Online,DKI Jakarta,LRC Gelang Tangan Black+silver Color Multi-layer Design Bracelet,Rp 22.800,0,0
https://www.jakmall.comhttps://www.jakmall.com/toko-aksesoris-online/lrc-gelang-tangan-multi-color-compass-shape-decorated-bracelet?jtm=789c8b562a4e4d2c4ace50d2512a28ca4f294d2ed1cdc92c2e01728b2b8b755185f24a737274a2636301e4fd127e#9813829194421,https://static.jakmall.id/2018/09/images/products/f9aa2c/thumbnail/lrc-gelang-tangan-multi-color-compass-shape-decorated-bracelet.jpg,Toko Aksesoris Online,DKI Jakarta,LRC Gelang Tangan Multi-color Compass Shape Decorated Bracelet,Rp 36.600,5,1
https://www.jakmall.comhttps://www.jakmall.com/toko-aksesoris-online/lrc-gelang-tangan-blacksilver-color-gun-shape-decorated-bracelet?jtm=789c8b562a4e4d2c4ace50d2512a28ca4f294d2ed1cdc92c2e01728b2b8b755185f24a737274a2636301e4fd127e#2697967412150,https://static.jakmall.id/2018/09/images/products/a445c0/thumbnail/lrc-gelang-tangan-blacksilver-color-gun-shape-decorated-bracelet.jpg,Toko Aksesoris Online,DKI Jakarta,LRC Gelang Tangan Black+silver Color Gun Shape Decorated Bracelet,Rp 23.700,0,0
https://www.jakmall.comhttps://www.jakmall.com/toko-aksesoris-online/lrc-gelang-tangan-black-key-pendant-decorated-bracelet?jtm=789c8b562a4e4d2c4ace50d2512a28ca4f294d2ed1cdc92c2e01728b2b8b755185f24a737274a2636301e4fd127e#5777752582044,https://static.jakmall.id/2018/09/images/products/3ee74e/thumbnail/lrc-gelang-tangan-black-key-pendant-decorated-bracelet.jpg,Toko Aksesoris Online,DKI Jakarta,LRC Gelang Tangan Black Key pendant Decorated Bracelet,Rp 41.800,0,0
https://www.jakmall.comhttps://www.jakmall.com/toko-aksesoris-online/lrc-gelang-tangan-vintage-brown-metal-button-decorated-woven-design?jtm=789c8b562a4e4d2c4ace50d2512a28ca4f294d2ed1cdc92c2e01728b2b8b755185f24a737274a2636301e4fd127e#2251607596304,https://static.jakmall.id/2018/06/images/products/ff8281/thumbnail/lrc-gelang-tangan-vintage-brown-metal-button-decorated-woven-design.jpg,Toko Aksesoris Online,DKI Jakarta,LRC Gelang Tangan Vintage Brown Metal Button Decorated Woven Design,Rp 28.400,5,1
https://www.jakmall.comhttps://www.jakmall.com/toko-aksesoris-online/lrc-gelang-tangan-personality-coffeeblack-guitar-shape-decorated?jtm=789c8b562a4e4d2c4ace50d2512a28ca4f294d2ed1cdc92c2e01728b2b8b755185f24a737274a2636301e4fd127e#9050437240663,https://static.jakmall.id/2018/04/images/products/2454dd/thumbnail/lrc-gelang-tangan-personality-coffeeblack-guitar-shape-decorated.jpg,Toko Aksesoris Online,DKI Jakarta,LRC Gelang Tangan Personality Coffee+black Guitar Shape Decorated,Rp 42.600,0,0
https://www.jakmall.comhttps://www.jakmall.com/toko-aksesoris-online/lrc-gelang-tangan-wanita-fashion-sapphire-blue-heart-shape-decorated?jtm=789c8b562a4e4d2c4ace50d2512a28ca4f294d2ed1cdc92c2e01728b2b8b755185f24a737274a2636301e4fd127e#6137496704326,https://static.jakmall.id/2019/01/images/products/d2e3a5/thumbnail/lrc-gelang-tangan-wanita-fashion-sapphire-blue-heart-shape-decorated.jpg,Toko Aksesoris Online,DKI Jakarta,LRC Gelang Tangan Wanita Fashion Sapphire Blue Heart Shape Decorated,Rp 38.700,0,0
https://www.jakmall.comhttps://www.jakmall.com/toko-aksesoris-online/lrc-gelang-tangan-blacksilver-color-skull-pattern-decorated-bracelet?jtm=789c8b562a4e4d2c4ace50d2512a28ca4f294d2ed1cdc92c2e01728b2b8b755185f24a737274a2636301e4fd127e#5877242436100,https://static.jakmall.id/2018/09/images/products/eb9aa7/thumbnail/lrc-gelang-tangan-blacksilver-color-skull-pattern-decorated-bracelet.jpg,Toko Aksesoris Online,DKI Jakarta,LRC Gelang Tangan Black+silver Color Skull Pattern Decorated Bracelet,Rp 45.500,0,0
https://www.jakmall.comhttps://www.jakmall.com/toko-aksesoris-online/lrc-gelang-tangan-black-letter-pattern-decorated-bracelet?jtm=789c8b562a4e4d2c4ace50d2512a28ca4f294d2ed1cdc92c2e01728b2b8b755185f24a737274a2636301e4fd127e#5739645196861,https://static.jakmall.id/2018/09/images/products/7fb8fb/thumbnail/lrc-gelang-tangan-black-letter-pattern-decorated-bracelet.jpg,Toko Aksesoris Online,DKI Jakarta,LRC Gelang Tangan Black Letter Pattern Decorated Bracelet,Rp 21.600,3,1
https://www.jakmall.comhttps://www.jakmall.com/toko-aksesoris-online/lrc-gelang-tangan-red-irregular-shape-decorated-bracelet?jtm=789c8b562a4e4d2c4ace50d2512a28ca4f294d2ed1cdc92c2e01728b2b8b755185f24a737274a2636301e4fd127e#4860851064598,https://static.jakmall.id/2018/09/images/products/0c4696/thumbnail/lrc-gelang-tangan-red-irregular-shape-decorated-bracelet.jpg,Toko Aksesoris Online,DKI Jakarta,LRC Gelang Tangan Red Irregular Shape Decorated Bracelet,Rp 30.400,5,1
https://www.jakmall.comhttps://www.jakmall.com/toko-aksesoris-online/lrc-gelang-tangan-wanita-fashion-color-diamondpearl-decorated?jtm=789c8b562a4e4d2c4ace50d2512a28ca4f294d2ed1cdc92c2e01728b2b8b755185f24a737274a2636301e4fd127e#3661883411918,https://static.jakmall.id/2019/01/images/products/e2e124/thumbnail/lrc-gelang-tangan-wanita-fashion-color-diamondpearl-decorated.jpg,Toko Aksesoris Online,DKI Jakarta,LRC Gelang Tangan Wanita Fashion Color Diamond&pearl Decorated,Rp 32.200,0,0
https://www.jakmall.comhttps://www.jakmall.com/toko-aksesoris-online/lrc-gelang-tangan-fashion-black-peace-symbol-decorated-bracelet?jtm=789c8b562a4e4d2c4ace50d2512a28ca4f294d2ed1cdc92c2e01728b2b8b755185f24a737274a2636301e4fd127e#3285427813898,https://static.jakmall.id/2018/03/images/products/eea554/thumbnail/lrc-gelang-tangan-fashion-black-peace-symbol-decorated-bracelet.jpg,Toko Aksesoris Online,DKI Jakarta,LRC Gelang Tangan Fashion Black Peace Symbol Decorated Bracelet,Rp 16.700,0,0
https://www.jakmall.comhttps://www.jakmall.com/toko-aksesoris-online/lrc-gelang-tangan-brownsilver-color-skull-pattern-decorated-bracelet?jtm=789c8b562a4e4d2c4ace50d2512a28ca4f294d2ed1cdc92c2e01728b2b8b755185f24a737274a2636301e4fd127e#9490276852319,https://static.jakmall.id/2018/09/images/products/7d4695/thumbnail/lrc-gelang-tangan-brownsilver-color-skull-pattern-decorated-bracelet.jpg,Toko Aksesoris Online,DKI Jakarta,LRC Gelang Tangan Brown+silver Color Skull Pattern Decorated Bracelet,Rp 32.100,0,0
https://www.jakmall.comhttps://www.jakmall.com/toko-aksesoris-online/lrc-gelang-tangan-multi-color-wing-shape-decorated-bracelet?jtm=789c8b562a4e4d2c4ace50d2512a28ca4f294d2ed1cdc92c2e01728b2b8b755185f24a737274a2636301e4fd127e#7305129388609,https://static.jakmall.id/2018/08/images/products/0c33f6/thumbnail/lrc-gelang-tangan-multi-color-wing-shape-decorated-bracelet.jpg,Toko Aksesoris Online,DKI Jakarta,LRC Gelang Tangan Multi-color Wing Shape Decorated Bracelet,Rp 37.200,0,0
https://www.jakmall.comhttps://www.jakmall.com/oila/sarung-tangan-pengantin-panjang-long-wedding-gloves-jha010?jtm=789c8b562a4e4d2c4ace50d2512a28ca4f294d2ed1cdc92c2e01728b2b8b755185f24a737274a2636301e4fd127e#7757552852078,https://static.jakmall.id/2022/07/images/products/884c78/thumbnail/sarung-tangan-pengantin-panjang-long-wedding-gloves-jha010.JPG,OILA,DKI Jakarta,sarung tangan pengantin panjang long wedding gloves jha010,Rp 22.900,0,0
https://www.jakmall.comhttps://www.jakmall.com/toko-aksesoris-online/lrc-gelang-tangan-retro-brown-metal-decorated?jtm=789c8b562a4e4d2c4ace50d2512a28ca4f294d2ed1cdc92c2e01728b2b8b755185f24a737274a2636301e4fd127e#1393999672671,https://static.jakmall.id/2018/06/images/products/085c49/thumbnail/lrc-gelang-tangan-retro-brown-metal-decorated.jpg,Toko Aksesoris Online,DKI Jakarta,LRC Gelang Tangan Retro Brown Metal Decorated,Rp 35.300,0,0
https://www.jakmall.comhttps://www.jakmall.com/toko-aksesoris-online/lrc-gelang-tangan-metal-rivet-decorated-simple-multilayer-bracelet?jtm=789c8b562a4e4d2c4ace50d2512a28ca4f294d2ed1cdc92c2e01728b2b8b755185f24a737274a2636301e4fd127e#7705656036804,https://static.jakmall.id/2018/07/images/products/e50578/thumbnail/lrc-gelang-tangan-metal-rivet-decorated-simple-multilayer-bracelet.jpg,Toko Aksesoris Online,DKI Jakarta,LRC Gelang Tangan Metal Rivet Decorated Simple Multilayer Bracelet,Rp 66.200,0,0
https://www.jakmall.comhttps://www.jakmall.com/toko-aksesoris-online/lrc-gelang-tangan-vintage-black-eye-shape-decorated-hand-woven-simple?jtm=789c8b562a4e4d2c4ace50d2512a28ca4f294d2ed1cdc92c2e01728b2b8b755185f24a737274a2636301e4fd127e#8922268509304,https://static.jakmall.id/2018/04/images/products/a84db3/thumbnail/lrc-gelang-tangan-vintage-black-eye-shape-decorated-hand-woven-simple.jpg,Toko Aksesoris Online,DKI Jakarta,LRC Gelang Tangan Vintage Black Eye Shape Decorated Hand-woven Simple,Rp 13.400,0,0
https://www.jakmall.comhttps://www.jakmall.com/oila/sarung-tangan-pengantin-panjang-long-embroidered-wedding-gloves-jha009?jtm=789c8b562a4e4d2c4ace50d2512a28ca4f294d2ed1cdc92c2e01728b2b8b755185f24a737274a2636301e4fd127e#9005471886790,https://static.jakmall.id/2022/06/images/products/70c104/thumbnail/sarung-tangan-pengantin-panjang-long-embroidered-wedding-gloves-jha009.JPG,OILA,DKI Jakarta,sarung tangan pengantin panjang long embroidered wedding gloves jha009,Rp 25.400,0,0
https://www.jakmall.comhttps://www.jakmall.com/kobucca-shop/gelang-tangan-titanium-energi-magnetik-om-mani-padme-hum-wanita-model?jtm=789c8b562a4e4d2c4ace50d2512a28ca4f294d2ed1cdc92c2e01728b2b8b755185f24a737274a2636301e4fd127e#8098213938582,https://static.jakmall.id/2019/11/images/products/f9d502/thumbnail/gelang-tangan-titanium-energi-magnetik-om-mani-padme-hum-wanita-model.jpg,Kobucca Shop,Surabaya,Gelang Tangan Titanium Energi Magnetik Om Mani Padme Hum Wanita Model,Rp 23.000,0,0
https://www.jakmall.comhttps://www.jakmall.com/toko-aksesoris-online/lrc-gelang-tangan-vintage-black-letter-pattern-decorated-square-shape?jtm=789c8b562a4e4d2c4ace50d2512a28ca4f294d2ed1cdc92c2e01728b2b8b755185f24a737274a2636301e4fd127e#1833859111996,https://static.jakmall.id/2018/04/images/products/1dd822/thumbnail/lrc-gelang-tangan-vintage-black-letter-pattern-decorated-square-shape.jpg,Toko Aksesoris Online,DKI Jakarta,LRC Gelang Tangan Vintage Black Letter Pattern Decorated Square Shape,Rp 13.400,0,0
https://www.jakmall.comhttps://www.jakmall.com/toko-1973/paket-3pcs-handkerchief-paket-3pcs-saputangan-motif-garis-kotak?jtm=789c8b562a4e4d2c4ace50d2512a28ca4f294d2ed1cdc92c2e01728b2b8b755185f24a737274a2636301e4fd127e#3287179060177,https://static.jakmall.id/2020/06/images/products/b4454b/thumbnail/paket-3pcs-handkerchief-paket-3pcs-saputangan-motif-garis-kotak.jpg,Toko 1973,DKI Jakarta,PAKET 3PCS HANDKERCHIEF - paket 3pcs saputangan motif garis / kotak,Rp 35.100,0,0
https://www.jakmall.comhttps://www.jakmall.com/toko-aksesoris-online/lrc-gelang-tangan-wanita-fashion-silver-color-diamondpearl-decorated?jtm=789c8b562a4e4d2c4ace50d2512a28ca4f294d2ed1cdc92c2e01728b2b8b755185f24a737274a2636301e4fd127e#9231043726523,https://static.jakmall.id/2019/01/images/products/cb9c02/thumbnail/lrc-gelang-tangan-wanita-fashion-silver-color-diamondpearl-decorated.jpg,Toko Aksesoris Online,DKI Jakarta,LRC Gelang Tangan Wanita Fashion Silver Color Diamond&pearl Decorated,Rp 32.500,0,0
https://www.jakmall.comhttps://www.jakmall.com/toko-aksesoris-online/lrc-gelang-tangan-wanita-fashion-flower-shape-decorated-bracelet-1?jtm=789c8b562a4e4d2c4ace50d2512a28ca4f294d2ed1cdc92c2e01728b2b8b755185f24a737274a2636301e4fd127e#8776574972252,https://static.jakmall.id/2019/01/images/products/764fc0/thumbnail/lrc-gelang-tangan-wanita-fashion-flower-shape-decorated-bracelet.jpg,Toko Aksesoris Online,DKI Jakarta,LRC Gelang Tangan Wanita Fashion Flower Shape Decorated Bracelet,Rp 40.400,0,0
https://www.jakmall.comhttps://www.jakmall.com/toko-aksesoris-online/lrc-gelang-tangan-black-grids-pattern-decorated-bracelet?jtm=789c8b562a4e4d2c4ace50d2512a28ca4f294d2ed1cdc92c2e01728b2b8b755185f24a737274a2636301e4fd127e#4274049863540,https://static.jakmall.id/2018/09/images/products/2f8db7/thumbnail/lrc-gelang-tangan-black-grids-pattern-decorated-bracelet.jpg,Toko Aksesoris Online,DKI Jakarta,LRC Gelang Tangan Black Grids Pattern Decorated Bracelet,Rp 25.200,0,0
https://www.jakmall.comhttps://www.jakmall.com/toko-aksesoris-online/lrc-gelang-tangan-beige-brown-multielement-decorated-multilayer-design?jtm=789c8b562a4e4d2c4ace50d2512a28ca4f294d2ed1cdc92c2e01728b2b8b755185f24a737274a2636301e4fd127e#2298972352318,https://static.jakmall.id/2018/09/images/products/ca88b7/thumbnail/lrc-gelang-tangan-beige-brown-multielement-decorated-multilayer-design.jpg,Toko Aksesoris Online,DKI Jakarta,LRC Gelang Tangan Beige Brown Multielement Decorated Multilayer Design,Rp 23.300,0,0
https://www.jakmall.comhttps://www.jakmall.com/toko-aksesoris-online/lrc-gelang-tangan-blackyellow-leo-pattern-decorated-noctilucent?jtm=789c8b562a4e4d2c4ace50d2512a28ca4f294d2ed1cdc92c2e01728b2b8b755185f24a737274a2636301e4fd127e#3570749656237,https://static.jakmall.id/2018/08/images/products/a5b1e5/thumbnail/lrc-gelang-tangan-blackyellow-leo-pattern-decorated-noctilucent.jpg,Toko Aksesoris Online,DKI Jakarta,LRC Gelang Tangan Black+yellow Leo Pattern Decorated Noctilucent,Rp 28.100,0,0
https://www.jakmall.comhttps://www.jakmall.com/toko-aksesoris-online/lrc-gelang-tangan-vintage-coffee-diamond-decorated-multi-layer?jtm=789c8b562a4e4d2c4ace50d2512a28ca4f294d2ed1cdc92c2e01728b2b8b755185f24a737274a2636301e4fd127e#7476056131693,https://static.jakmall.id/2018/04/images/products/8fd65d/thumbnail/lrc-gelang-tangan-vintage-coffee-diamond-decorated-multi-layer.jpg,Toko Aksesoris Online,DKI Jakarta,LRC Gelang Tangan Vintage Coffee Diamond Decorated Multi-layer,Rp 27.500,0,0
